,exchange_rate,      expenses_domestic,expenses_abroad,travels_private
2008,1.59,110.22,181.06,17873.635440000002
2009,1.51,144.202,182.876,15932.3683
2010,1.38,116.578,174.006,15554.49184
2011,1.23,133.879,171.921,15489.816060000001
2012,1.21,117.465,160.652,16890.79897
2013,1.23,132.608,181.803,18442.00488
2014,1.21,129.017,169.789,17835.54874
2015,1.07,128.5,157.767,18820.167510000003
2016,1.09,,,
